{"cameraMode":{"drawMode":0,"name":"Shaded","section":"Shading Mode"},"sceneLighting":true,"audioPlay":false,"sceneViewState":{"m_AlwaysRefresh":false,"showFog":true,"showSkybox":true,"showFlares":true,"showImageEffects":true,"showParticleSystems":true,"showVisualEffectGraphs":true,"m_FxEnabled":true},"in2DMode":false,"pivot":{"x":-8.71869945526123,"y":1.8124454021453858,"z":-37.00758361816406},"rotation":{"x":0.06542683392763138,"y":-0.32610246539115908,"z":0.022693801671266557,"w":0.9427801966667175},"size":1.5549581050872803,"orthographic":false}